route_id,name,ref,from_stop,to_stop,operator,network,route_type,coord_count
1700755,เมืองทอง-แจ้งวัฒนะ,1,,,,สองแถวเมืองทองธานี,bus,4
1701250,แจ้งวัฒนะ-ติวานนท์,3,,,,รถสองแถวเมืองทองธานี,bus,4
1701251,166 เมืองทองธานี - อนุสาวรีย์ชัยสมรภูมิ,166,,,BMTA,BMTA,bus,25
2148296,รถโดยสารประจำทางด่วนพิเศษ 402: สาทร → ราชพฤกษ์,402,สาทร,ราชพฤกษ์,BTS Group Holdings,BRT,bus,14
2170840,203 สนามหลวง - ท่าอิฐ,203,Sanam Luang,Tha It Bus depot,Bangkok 118,DLT,bus,32
2172576,203 ท่าอิฐ - สนามหลวง,203,Tha It Bus depot,Sanam Luang,Bangkok 118,DLT,bus,35
2172595,3 (2-37) คลองสาน - กรุงเทพอภิวัฒน์,3 (2-37),,,BMTA,BMTA,bus,44
2174648,3 (2-37) กรุงเทพอภิวัฒน์ - คลองสาน,3 (2-37),,,BMTA,BMTA,bus,41
2341849,166 อนุสาวรีย์ชัยสมรภูมิ - เมืองทองธานี,166,Victory Monument,Muang Thong Thani,BMTA,BMTA,bus,21
2341850,522 (1-22E) รังสิต - อนุสาวรีย์ชัยสมรภูมิ,522 (1-22E),,,BMTA,BMTA,bus,39
2341851,522 (1-22E) อนุสาวรีย์ชัยสมรภูมิ - รังสิต,522 (1-22E),Victory Monument,Rangsit,BMTA,BMTA,bus,34
2446915,48 (3-11) ม.รามคำแหง 2 - ท่าช้าง,48 (3-11),,,smart bus,smart bus,bus,57
2447814,145 (3-18) ปากน้ำ - หมอชิต 2,145 (3-18),Pak Nam,Mo Chit 2 Bus Terminal (Chatuchak),BMTA,BMTA,bus,93
2465747,23 (3-5) ปู่เจ้าสมิงพราย - เทเวศร์,23 (3-5),สำโรง,เทเวศร์,BMTA,BMTA,bus,56
2466740,52 (1-6) ปากเกร็ด - หมอชิต 2,52 (1-6),,,smart bus,smart bus,bus,12
2474122,136 (3-47) หมอชิต 2 - คลองเตย,136 (3-47),,,BMTA,BMTA,bus,27
2793245,Unknown,1205,,,,Songthaew,bus,3
3088576,52 (1-6) หมอชิต 2 - ปากเกร็ด,52 (1-6),,,smart bus,smart bus,bus,13
3088610,1053 นนทบุรี → วัดสาลีโขภิตาราม,1053,Nonthaburi Pier,Wat Sali Kho Phitaram,บริษัท สนามบินน้ำ จำกัด,,bus,16
3999294,51 (2-8) วัดปรางค์หลวง - บางเขน,51 (2-8),Wat Prang Luang,Bang Khen,smart bus,smart bus,bus,39
3999295,51 (2-8) บางเขน - วัดปรางค์หลวง,51 (2-8),,,smart bus,smart bus,bus,34
3999302,32 (2-5) ปากเกร็ด - วัดโพธิ์,32 (2-5),Pak Kret,Wat Pho,BMTA,BMTA,bus,21
3999303,32 (2-5) วัดโพธิ์ - ปากเกร็ด,32 (2-5),Wat Pho,Pak Kret,BMTA,BMTA,bus,34
7410374,50 (2-7) พระราม 7 - สวนลุมพินี,50 (2-7),สะพานพระราม 7,สวนลุมพินี,BMTA,BMTA,bus,35
7838579,1060 Songthaew: วัดหนองใหญ่ => ตลาด กม.4,1060,วัดหนองใหญ่,ตลาด กม.4,,,bus,32
9147414,1024ข บางบัวทอง → พระราม 5 (หลังคาฟ้า),1024ข,Bang Bua Thong Market,Nonthaburi Pier,บริษัท สหบางบัวทองขนส่ง จำกัด,,bus,65
9147420,1003บบท ถนนท่าน้ำนนท์ → บางบัวทอง,1003บบท,Bang Si Mueang Pier,Bang Bua Thong Market,บริษัท สหบางบัวทองขนส่ง จำกัด,,bus,54
9147423,1003บก ถนนท่าน้ำนนท์ → บางกรวย,1003บก,Bang Si Mueang Pier,Bang Kruai,บริษัท สหบางบัวทองขนส่ง จำกัด,,bus,24
9147426,1002 ถนนท่าน้ำนนท์ → บางใหญ่เก่า,1002,Bang Si Mueang Pier,Baan Bang Yai Kao,บริษัท สหบางบัวทองขนส่ง จำกัด,,bus,25
9147443,1024ก บางบัวทอง → นครอินทร์ (หลังคาขาว),1024ก,Bang Bua Thong Market,Nonthaburi Pier Market,บริษัท สหบางบัวทองขนส่ง จำกัด,,bus,48
9147617,1010 สี่แยกบางสีทอง → มจพ.,1010,Bang Si Thong Intersection,King Mongkut's University of Technology North Bangkok,,,bus,10
9155852,4 ท่าน้ำนนท์ → วัดโบสถ์บน,4,Nonthaburi Pier,Wat Botbon,,,bus,14
9159635,1-CCW วงกลม นนทบุรี - สนามบินน้ำ (วนซ้าย),1,,,บริษัท สนามบินน้ำ จำกัด,,bus,59
9159675,1-CW วงกลม นนทบุรี - สนามบินน้ำ (วนขวา),1,,,บริษัท สนามบินน้ำ จำกัด,,bus,70
9378824,17004 ท่าน้ำบางศรีเมือง → วัดประชารังสรรค์,17004,Bang Si Mueang Pier,Wat Pracha Rangsan,ห้างหุ้นส่วนจำกัด ศรีเมืองนนทบุรี,,bus,20
9382739,516 (2-25) บัวทองเคหะ - เทเวศร์,516 (2-25),Buathong Kheha,Thewet,BMTA,BMTA,bus,58
9382740,516 (2-25) เทเวศร์ - บัวทองเคหะ,516 (2-25),Thewet,Buathong Kheha,BMTA,BMTA,bus,53
9394390,1010 มจพ. → สี่แยกบางสีทอง,Unknown,King Mongkut's University of Technology North Bangkok,Bang Si Thong Intersection,,,bus,10
9412353,6162 วัดชลอ → นนทบุรี,6162,Wat Chalo,Nonthaburi Pier,ห้างหุ้นส่วนจำกัด ธนภัสนันท์ เดินรถ,,bus,24
9444033,7 (4-36) เอกชัย - หัวลำโพง,7 (4-36),Samut Sakhon,Hua Lamphong,T. MANIT TRANSPORTATION,TSB,bus,47
9444045,7 (4-36) หัวลำโพง - เอกชัย,7 (4-36),Hua Lamphong,Samut Sakhon,T. MANIT TRANSPORTATION,TSB,bus,39
9446053,75 (4-13) อู่ธารทิพย์ - หัวลำโพง,75 (4-13),Tantip Bus Depot,Hua Lamphong,Grand City Buses,TSB,bus,50
9446058,75 (4-13) หัวลำโพง - อู่ธารทิพย์,75 (4-13),Hua Lamphong,Tantip Bus Depot,Grand City Buses,TSB,bus,52
9464107,1024ข พระราม 5 → บางบัวทอง (หลังคาฟ้า),1024ข,Nonthaburi Pier,Bang Bua Thong Market,บริษัท สหบางบัวทองขนส่ง จำกัด,,bus,64
9464262,1024ก นครอินทร์ → บางบัวทอง (หลังคาขาว),1024ก,Nonthaburi Pier Market,Bang Bua Thong Market,บริษัท สหบางบัวทองขนส่ง จำกัด,,bus,51
9464316,1003บบท บางบัวทอง → ถนนท่าน้ำนนท์,1003บบท,Bang Bua Thong Market,Bang Si Mueang Pier,บริษัท สหบางบัวทองขนส่ง จำกัด,,bus,64
9464355,1003บก บางกรวย → ถนนท่าน้ำนนท์,1003บก,Bang Kruai,Bang Si Mueang Pier,บริษัท สหบางบัวทองขนส่ง จำกัด,,bus,28
9464364,1002 บางใหญ่เก่า → ถนนท่าน้ำนนท์,1002,Baan Bang Yai Kao,Bang Si Mueang Pier,บริษัท สหบางบัวทองขนส่ง จำกัด,,bus,34
9464396,17004 วัดประชารังสรรค์ → ท่าน้ำบางศรีเมือง,17004,Wat Pracha Rangsan,Bang Si Mueang Pier,ห้างหุ้นส่วนจำกัด ศรีเมืองนนทบุรี,,bus,20
9465463,1053 วัดสาลีโขภิตาราม → นนทบุรี,1053,Wat Sali Kho Phitaram,Nonthaburi Pier,บริษัท สนามบินน้ำ จำกัด,,bus,23
9476695,6162 นนทบุรี → วัดชลอ,6162,Nonthaburi Pier,Wat Chalo,ห้างหุ้นส่วนจำกัด ธนภัสนันท์ เดินรถ,,bus,24
9663003,1009 Bus/Van: Minburi > Sai Mai > Saphan Mai,1009,Minburi,Saphan Mai,Siammay,,bus,8
9691015,1009 Sukhaphiban 5 Road - Sai Mai - Saphan Mai,1009,ถนนสุขาภิบาล 5,สะพานใหม่,สยามเมย์,สยามเมย์,bus,44
9831671,10 มบ.คลัสเตอร์ วิลล์ ราชพฤกษ์ → ท่าน้ำนนท์,10,The Cluster Ville Ratchaphruek,Nonthaburi Pier,ห้างหุ้นส่วนจำกัด ศรีเมืองนนทบุรี,,bus,22
9831706,10 ท่าน้ำนนทบุรี → มบ.คลัสเตอร์ วิลล์ ราชพฤกษ์,10,Nonthaburi Pier,The Cluster Ville Ratchaphruek,ห้างหุ้นส่วนจำกัด ศรีเมืองนนทบุรี,,bus,30
10111136,1 (รถกะป๊อ) นนทบุรี → วัดชมภูเวก,1Kei,Nonthauri Police Forensic Science,Wat Chomphu Wek,บริษัท สนามบินน้ำ จำกัด,,bus,27
10111137,1 (รถกะป๊อ) วัดชมภูเวก → นนทบุรี,1Kei,Wat Chomphu Wek,Soi Nonthaburi 2/1,บริษัท สนามบินน้ำ จำกัด,,bus,19
10307081,3 ท่าน้ำนนท์ → วัดสังฆทาน → บางไผ่ ซอย 5,3,Nonthaburi Pier,Bang Pai Soi 5,ห้างหุ้นส่วนจำกัด ศรีเมืองนนทบุรี,,bus,24
10307089,3 บางไผ่ ซอย 5 → วัดสังฆทาน → ท่าน้ำนนท์,3,Bang Pai Soi 5,Nonthaburi Pier,ห้างหุ้นส่วนจำกัด ศรีเมืองนนทบุรี,,bus,30
10349801,17002 แยกศรีพรสวรรค์ → เซ็นทรัลรัตนาธิเบศร์,17002,Si Phon Sawan Intersection,CentralPlaza Rattanathibet,สหกรณ์เดินรถนนทบุรี จำกัด,,bus,16
10349841,17002 เซ็นทรัลรัตนาธิเบศร์ → แยกศรีพรสวรรค์,17002,CentralPlaza Rattanathibet,Si Phon Sawan Intersection,สหกรณ์เดินรถนนทบุรี จำกัด,,bus,34
10353345,1102 เข้าซอยเรวดี → วัดปากน้ำ,1102,Rewadee Road,Wat Pak Nam,บริษัท สี่ไชยทอง จำกัด,,bus,57
10353350,1102 วัดปากน้ำ → เข้าซอยเรวดี,1102,Wat Pak Nam,Rewadee Road,บริษัท สี่ไชยทอง จำกัด,,bus,51
13513506,145 (3-18) หมอชิต 2 - ปากน้ำ,145 (3-18),Mo Chit 2 Bus Terminal (Chatuchak),Pak Nam,BMTA,BMTA,bus,96
13513819,102 (3-12E) แพรกษา - เซ็นทรัลพระราม 3,102 (3-12E),อู่บ่อดิน,เซ็นทรัลพระราม 3,BMTA,BMTA,bus,49
13513820,102 (3-12E) เซ็นทรัลพระราม 3 - แพรกษา,102 (3-12E),เซ็นทรัลพระราม 3,อู่บ่อดิน,BMTA,BMTA,bus,50
13517858,142 (3-17E) ปากน้ำ - อู่แสมดำ,142 (3-17E),อู่ฟาร์มจระเข้สมุทรปราการ,อู่แสมดำ,BMTA,BMTA,bus,69
13517859,129 (1-14E) บางเขน - สำโรง,129 (1-14E),อู่บางเขน,สำโรง,BMTA,BMTA,bus,27
13517860,129 (1-14E) สำโรง - บางเขน,129 (1-14E),สำโรง,อู่บางเขน,BMTA,BMTA,bus,34
13517861,142 (3-17E) อู่แสมดำ - ปากน้ำ,142 (3-17E),อู่แสมดำ,อู่ฟาร์มจระเข้สมุทรปราการ,BMTA,BMTA,bus,69
13517862,25 (3-7E) สนามหลวง - ปากน้ำ (ทางด่วน),25 (3-7E),,อู่แพรกษาบ่อดิน,BMTA,BMTA,bus,40
13517863,25 (3-7E) ปากน้ำ - สนามหลวง (ทางด่วน),25 (3-7E),อู่แพรกษาบ่อดิน,,BMTA,BMTA,bus,51
13517979,23 (3-5) เทเวศร์ - ปู่เจ้าสมิงพราย,23 (3-5),เทเวศร์,สำโรง,BMTA,BMTA,bus,57
13518349,507 (3-13) สายใต้ใหม่ - สำโรง,507 (3-13),สายใต้ใหม่ (ตลิ่งชัน),สำโรง,smart bus,smart bus,bus,61
13518350,507 (3-13) สำโรง - สายใต้ใหม่,507 (3-13),สำโรง,สายใต้ใหม่ (ตลิ่งชัน),smart bus,smart bus,bus,64
13526524,511 ปอ. ปากน้ำ - สายใต้ใหม่,511,,สถานีขนส่งสายใต้ใหม่,BMTA,BMTA,bus,79
13526525,511 ปอ. สายใต้ใหม่ - ปากน้ำ,511,สถานีขนส่งสายใต้ใหม่,,BMTA,BMTA,bus,83
13526526,511 ปอ. ปากน้ำ - สายใต้ใหม่ (ทางด่วน),511,,สถานีขนส่งสายใต้ใหม่,BMTA,BMTA,bus,67
13526527,511 ปอ. สายใต้ใหม่ - ปากน้ำ (ทางด่วน),511,,ปากน้ำ,BMTA,BMTA,bus,65
13531415,536 (3-24E) ปากน้ำ - หมอชิต 2,536 (3-24E),อู่ฟาร์มจระเข้สมุทรปราการ,สถานีขนส่งหมอชิต 2,BMTA,BMTA,bus,57
13531416,536 (3-24E) หมอชิต 2 - ปากน้ำ,536 (3-24E),สถานีขนส่งหมอชิต 2,,,BMTA,bus,49
13724637,141 (4-24E) อู่แสมดำ - จุฬาลงกรณ์มหาวิทยาลัย,141 (4-24E),,,BMTA,BMTA,bus,49
13724638,141 (4-24E) จุฬาลงกรณ์มหาวิทยาลัย - อู่แสมดำ,141 (4-24E),,,BMTA,BMTA,bus,58
13725138,76 (4-14) อู่แสมดำ - ประตูน้ำ,76 (4-14),,,BMTA,BMTA,bus,56
13725139,76 (4-14) ประตูน้ำ - อู่แสมดำ,76 (4-14),,,BMTA,BMTA,bus,55
13725144,522 ปอ. สถานีรถไฟฟ้ารังสิต - สถานีรถไฟฟ้าแยก คปอ.,522 Shorts,,,BMTA,BMTA,bus,21
13725145,522 ปอ. สถานีรถไฟฟ้าแยก คปอ. - สถานีรถไฟฟ้ารังสิต,522 Shorts,,,BMTA,BMTA,bus,19
13725328,138 (4-22E) อู่ราชประชา - หมอชิต 2,138 (4-22E),,,,BMTA,bus,36
13725329,138 (4-22E) หมอชิต 2 - อู่ราชประชา,138 (4-22E),,,,BMTA,bus,22
13727214,S7 (558) เคหะธนบุรี - ท่าอากาศยานสุวรรณภูมิ,S7 (558),,,smart bus,smart bus,bus,50
13727215,S7 (558) ท่าอากาศยานสุวรรณภูมิ - เคหะธนบุรี,S7 (558),,,smart bus,smart bus,bus,54
13727645,543 ปอ. บางเขน - ลำลูกกา คลอง 7,543 (1-25),,,BMTA,BMTA,bus,27
13727646,543 (1-25) ลำลูกกา คลอง 7 - บางเขน,543 (1-25),,,BMTA,BMTA,bus,25
13727778,539 (4-62) อ้อมน้อย - อนุสาวรีย์ชัยสมรภูมิ,539 (4-62),,,Boon Mongkolkan,DLT,bus,61
13727779,539 (4-62) อนุสาวรีย์ชัยสมรภูมิ - อ้อมน้อย,539 (4-62),,,Boon Mongkolkan,DLT,bus,56
13727865,28 (4-38) สายใต้ใหม่ - ม.ราชภัฏจันทรเกษม,28 (4-38),,,smart bus,smart bus,bus,47
13727866,28 (4-38) ม.ราชภัฏจันทรเกษม - สายใต้ใหม่,28 (4-38),,,smart bus,smart bus,bus,48
13731011,S1 ท่าอากาศยานสุวรรณภูมิ - สนามหลวง,S1,Suvarnabhumi Airport,Sanam Luang,BMTA,BMTA,bus,11
13731012,S1 สนามหลวง - ท่าอากาศยานสุวรรณภูมิ,S1,,,BMTA,BMTA,bus,13
13731708,S2 (554) รังสิต - ท่าอากาศยานสุวรรณภูมิ,S2 (554),,,smart bus,smart bus,bus,34
13731709,S2 (554) ท่าอากาศยานสุวรรณภูมิ - รังสิต,S2 (554),,,smart bus,smart bus,bus,35
13731713,A1 ท่าอากาศยานดอนเมือง - หมอชิต 2,A1,,,,BMTA,bus,10
13731714,A1 หมอชิต 2 - ท่าอากาศยานดอนเมือง,A1,,,,BMTA,bus,13
13732521,A3 ท่าอากาศยานดอนเมือง - สวนลุมพินี,A3,,,,BMTA,bus,18
13732522,A3 สวนลุมพินี - ท่าอากาศยานดอนเมือง,A3,,,,BMTA,bus,17
13732523,A4 ท่าอากาศยานดอนเมือง - สนามหลวง,A4,,,,BMTA,bus,6
13732605,A4 สนามหลวง - ท่าอากาศยานดอนเมือง,A4,,,,BMTA,bus,17
13734805,543ก (1-34) บางเขน - นนทบุรี,543ก (1-34),,,,BMTA,bus,23
13734806,543ก (1-34) นนทบุรี - บางเขน,543ก (1-34),,,,BMTA,bus,22
13734808,510 (1-19) ม.ธรรมศาสตร์ ศูนย์รังสิต - อนุสาวรีย์ชัยสมรภูมิ,510 (1-19),,,BMTA,BMTA,bus,38
13734809,510 (1-19) อนุสาวรีย์ชัยสมรภูมิ - ม.ธรรมศาสตร์ ศูนย์รังสิต,510 (1-19),,,BMTA,BMTA,bus,44
13735109,111 วงกลม : เจริญนคร - ตลาดพลู (วนขวา),111,,,BMTA,BMTA,bus,30
13735110,111 วงกลม : เจริญนคร - ตลาดพลู (วนซ้าย),111,,,BMTA,BMTA,bus,36
13738617,20 ปอ. พระสมุทรเจดีย์ - ท่าดินแดง,20,,,,BMTA,bus,46
13738618,20 ปอ. ท่าดินแดง - พระสมุทรเจดีย์,20,,,,BMTA,bus,43
13738619,195 (3-50) เดอะมอลล์ท่าพระ - อู่คลองเตย,195 (3-50),,,BMTA,BMTA,bus,24
13738620,195 (3-50) อู่คลองเตย - เดอะมอลล์ท่าพระ,195 (3-50),,,BMTA,BMTA,bus,32
13756007,3-21 (207) ม.รามคำแหง - ม.รามคำแหง 2,3-21 (207),,,BMTA,BMTA,bus,51
13756008,3-21 (207) ม.รามคำแหง 2 - ม.รามคำแหง,3-21 (207),ม.รามคำแหง 2,ม.รามคำแหง,BMTA,BMTA,bus,46
13903252,147 (4-25) วงกลม : เคหะธนบุรี - ท่าพระ (วนขวา),147 (4-25),,,smart bus,smart bus,bus,61
13903253,147 (4-25) วงกลม : เคหะธนบุรี - ท่าพระ (วนซ้าย),147 (4-25),,,smart bus,smart bus,bus,55
13904175,108 (4-19) วงกลม : เดอะมอลล์ท่าพระ - อนุสาวรีย์ชัยสมรภูมิ (วนขวา),108 (4-19),The Mall Thapra,Victory Monument,smart bus,smart bus,bus,44
13904176,108 (4-19) วงกลม : เดอะมอลล์ท่าพระ - อนุสาวรีย์ชัยสมรภูมิ (วนซ้าย),108 (4-19),Victory Monument,The Mall Thapra,smart bus,smart bus,bus,44
13922303,504 (1-18E) รังสิต - บางรัก,504 (1-18E),Rangsit,Thanon Tok Intersection,smart bus,smart bus,bus,35
13922397,504 (1-18E) บางรัก - รังสิต,504 (1-18E),Thanon Tok Intersection,Rangsit,smart bus,smart bus,bus,33
13936340,35 (4-8) เคหะธนบุรี - บางลำพู,35 (4-8),เคหะธนบุรี,บางลำพู,B.B.Rich (Thailand),TSB,bus,67
13936341,35 (4-8) บางลำพู - เคหะธนบุรี,35 (4-8),บางลำพู,เคหะธนบุรี,B.B.Rich (Thailand),TSB,bus,59
13946879,68 สมุทรสาคร - บางลำพู,68 Mahachai,,,BMTA,BMTA,bus,68
13946880,68 บางลำพู - สมุทรสาคร,68 Mahachai,,,BMTA,BMTA,bus,67
13946882,68 (4-12) อู่แสมดำ - บางลำพู,68 (4-12),,,BMTA,BMTA,bus,57
13946883,68 (4-12) บางลำพู - อู่แสมดำ,68 (4-12),,,BMTA,BMTA,bus,62
13946885,68 มจธ.บางขุนเทียน - บางลำพู,68 KMUTT,,,BMTA,BMTA,bus,74
13946886,68 บางลำพู - มจธ.บางขุนเทียน,68 KMUTT,,,BMTA,BMTA,bus,66
13977217,ต.559 ฟิวเจอร์พาร์ค รังสิต - ท่าอากาศยานสุวรรณภูมิ,ต.559,,,,,bus,3
13986077,48 (3-11) ท่าช้าง - ม.รามคำแหง 2,48 (3-11),,,smart bus,smart bus,bus,54
13986079,132 (3-14) เคหะบางพลี - สถานีรถไฟฟ้าอุดมสุข,132 (3-14),,,TSB,TSB,bus,49
13986080,132 (3-14) สถานีรถไฟฟ้าอุดมสุข - เคหะบางพลี,132 (3-14),,,TSB,TSB,bus,35
13986081,133 ปอ. (3-15) เคหะบางพลี - สถานีรถไฟฟ้าเอกมัย,133 (3-15),,,,TSB,bus,71
13986082,133 ปอ. (3-15) สถานีรถไฟฟ้าเอกมัย - เคหะบางพลี,133 (3-15),,,TSB,TSB,bus,61
14031062,547 (4-63) บ้านเอื้ออาทรศาลายา - ถนนตก,547 (4-63),,,smart bus,smart bus,bus,71
14031063,547 (4-63) ถนนตก - บ้านเอื้ออาทรศาลายา,547 (4-63),,,smart bus,smart bus,bus,65
14032428,205 อู่คลองเตย - เดอะมอลล์ท่าพระ,205,,,BMTA,BMTA,bus,42
14032429,205 เดอะมอลล์ท่าพระ - อู่คลองเตย,205,,,BMTA,BMTA,bus,41
14082037,80 (4-43) วัดศรีนวลธรรมวิมล - สนามหลวง,80 (4-43),,,BMTA,BMTA,bus,51
14082038,80 (4-43) สนามหลวง - วัดศรีนวลธรรมวิมล,80 (4-43),,,BMTA,BMTA,bus,53
14082040,60 (1-38) อู่สวนสยาม - สถานีรถไฟฟ้าสนามไชย,60 (1-38),,,BMTA,BMTA,bus,57
14082041,60 (1-38) สถานีรถไฟฟ้าสนามไชย - อู่สวนสยาม,60 (1-38),,,BMTA,BMTA,bus,69
14082716,26 (1-36) มีนบุรี - รามอินทรา - หมอชิต 2,26 (1-36),,,BMTA,BMTA,bus,51
14082717,26 (1-36) หมอชิต 2 - รามอินทรา - มีนบุรี,26 (1-36),,,BMTA,BMTA,bus,47
14084373,6 ปอ. (4-1) พระประแดง - บางลำพู,6 (4-1),,,,TSB,bus,32
14084374,6 ปอ. (4-1) บางลำพู - พระประแดง,6 (4-1),,,,TSB,bus,37
14089080,519 (1-57) มีนบุรี - ท่าเรือคลองเตย,519 (1-57),,,BMTA,BMTA,bus,67
14089257,519 (1-57) ท่าเรือคลองเตย - มีนบุรี,519 (1-57),,,BMTA,BMTA,bus,61
14100852,3-16E (139 ปอ.) ม.รามคำแหง 2 - อนุสาวรีย์ชัยสมรภูมิ,3-16E (139),,,Paisan Samukkee Transport,DLT,bus,30
14100853,3-16E (139 ปอ.) อนุสาวรีย์ชัยสมรภูมิ - ม.รามคำแหง 2,3-16E (139),,,Paisan Samukkee Transport,DLT,bus,17
14123275,520 มีนบุรี - ตลาดไท,520,,,BMTA,BMTA,bus,53
14123277,520 ตลาดไท - มีนบุรี,520,,,BMTA,BMTA,bus,48
14124056,9 (4-37) กัลปพฤกษ์ - สถานีรถไฟสามเสน,9 (4-37),,,smart bus,smart bus,bus,31
14124057,9 (4-37) สถานีรถไฟสามเสน - กัลปพฤกษ์,9 (4-37),,,smart bus,smart bus,bus,35
14124257,11 อ่อนนุช 80 - ประตูน้ำ,11 Minibus,,,,,bus,17
14124258,11 ประตูน้ำ - อ่อนนุช 80,11 Minibus,,,,,bus,22
14124489,39 (1-5) รังสิต - อนุสาวรีย์ชัยสมรภูมิ,39 (1-5),รังสิต,อนุสาวรีย์ชัยสมรภูมิ,TSB,TSB,bus,29
14124490,39 (1-4) ม.ธรรมศาสตร์ ศูนย์รังสิต - บางเขน,39 (1-4),,,TSB,TSB,bus,17
14124491,39 (1-4) บางเขน - ม.ธรรมศาสตร์ ศูนย์รังสิต,39 (1-4),,,TSB,TSB,bus,15
14124493,39 (1-5) อนุสาวรีย์ชัยสมรภูมิ - รังสิต,39 (1-5),,,TSB,TSB,bus,19
14128388,30 (2-4) วัดปากน้ำนนทบุรี - สายใต้ปิ่นเกล้า,30 (2-4),วัดปากน้ำนนทบุรี,สายใต้ปิ่นเกล้า,smart bus,smart bus,bus,30
14128389,30 (2-4) สายใต้ปิ่นเกล้า - วัดปากน้ำนนทบุรี,30 (2-4),สายใต้ปิ่นเกล้า,วัดปากน้ำนนทบุรี,smart bus,smart bus,bus,43
14128656,56 (4-40) วงกลม : สะพานกรุงธน - บางลำพู (วนขวา),56 (4-40),,,CYKT,TSB,bus,25
14129594,56 (4-40) วงกลม : สะพานกรุงธน - บางลำพู (วนซ้าย),56 (4-40),,,CYKT,TSB,bus,25
14129596,7ก อู่บรมราชชนนี - พาหุรัด,7ก,,,BMTA,BMTA,bus,22
14129597,7ก พาหุรัด - อู่บรมราชชนนี,7ก,,,BMTA,BMTA,bus,26
14129602,40 (4-39) สายใต้ใหม่ - เอกมัย,40 (4-39),สายใต้ใหม่ (ตลิ่งชัน),เอกมัย,smart bus,smart bus,bus,52
14129603,40 (4-39) เอกมัย - สายใต้ใหม่,40 (4-39),เอกมัย,สายใต้ใหม่ (ตลิ่งชัน),smart bus,smart bus,bus,42
14129605,53 (2-9) วงกลมรอบเมือง : เทเวศร์ - สนามหลวง (วนขวา),53 (2-9),,,BMTA,BMTA,bus,23
14129606,53 (2-9) วงกลมรอบเมือง : เทเวศร์ - สนามหลวง (วนซ้าย),53 (2-9),,,BMTA,BMTA,bus,12
14129608,95 (1-10) บางเขน - สถานีรถไฟฟ้าหัวหมาก,95 (1-10),,,BMTA,BMTA,bus,35
14129609,95 (1-10) สถานีรถไฟฟ้าหัวหมาก - บางเขน,95 (1-10),,,BMTA,BMTA,bus,36
14129611,107 (1-12E) บางเขน - คลองเตย,107 (1-12E),,,BMTA,BMTA,bus,16
14129754,107 (1-12E) คลองเตย - บางเขน,107 (1-12E),,,BMTA,BMTA,bus,25
14129755,110 (2-35) ประชานิเวศน์ 3 - เทเวศร์,110 (2-35),,,smart bus,smart bus,bus,27
14129756,110 (2-35) เทเวศร์ - ประชานิเวศน์ 3,110 (2-35),,,smart bus,smart bus,bus,22
14129758,49 (2-43) หัวลำโพง - กรุงเทพอภิวัฒน์,49 (2-43),,,BMTA,BMTA,bus,36
14132110,49 (2-43) กรุงเทพอภิวัฒน์ - หัวลำโพง,49 (2-43),,,BMTA,BMTA,bus,32
14132112,95ก (1-11) รังสิต - บางกะปิ,95ก (1-11),,,BMTA,BMTA,bus,48
14132113,95ก (1-11) บางกะปิ - รังสิต,95ก (1-11),,,BMTA,BMTA,bus,47
14134302,136 (3-47) คลองเตย - หมอชิต 2,136 (3-47),,,BMTA,BMTA,bus,26
14136142,524 (1-23) หลักสี่ - สายใต้ใหม่,524 (1-23),,,smart bus,smart bus,bus,35
14136143,524 (1-23) สายใต้ใหม่ - หลักสี่,524 (1-23),,,smart bus,smart bus,bus,26
14144066,134 (2-20) บัวทองเคหะ - หมอชิต 2,134 (2-20),Buathong Kheha,Mo Chit 2,BMTA,BMTA,bus,38
14144067,134 (2-20) หมอชิต 2 - บัวทองเคหะ,134 (2-20),Mo Chit 2,Buathong Kheha,BMTA,BMTA,bus,35
14144070,538 (1-24E) ม.เทคโนโลยีราชมงคลธัญบุรี - โรงพยาบาลสงฆ์,538 (1-24E),,,smart bus,smart bus,bus,48
14144071,538 (1-24E) โรงพยาบาลสงฆ์ - ม.เทคโนโลยีราชมงคลธัญบุรี,538 (1-24E),,,smart bus,smart bus,bus,46
14144073,50 (2-7) สวนลุมพินี - พระราม 7,50 (2-7),,,BMTA,BMTA,bus,38
14158409,556 ปอ. (4-64) วัดไร่ขิง - อนุสาวรีย์ประชาธิปไตย,556 AC (4-64),,,BMTA,BMTA,bus,52
14158410,556 ปอ. (4-64) อนุสาวรีย์ประชาธิปไตย - วัดไร่ขิง,556 AC (4-64),,,BMTA,BMTA,bus,41
14163358,2-36 ไทรน้อย - ศูนย์ราชการฯ แจ้งวัฒนะ,2-36,,,BMTA,BMTA,bus,23
14163359,2-36 ศูนย์ราชการฯ แจ้งวัฒนะ - ไทรน้อย,2-36,,,BMTA,BMTA,bus,28
14166532,ต.1140 สำโรง - คลองด่าน,ต.1140,,,,,bus,19
14166533,ต.1140 คลองด่าน - สำโรง,ต.1140,,,,,bus,4
14171940,4-70E เซ็นทรัลศาลายา - สถานีรถไฟฟ้าหมอชิต,4-70E,,,BMTA,BMTA,bus,48
14228310,545 (2-26) ท่าน้ำนนทบุรี - พัฒนาการ,545 (2-26),,,smart bus,smart bus,bus,51
14228311,545 (2-26) พัฒนาการ - ท่าน้ำนนทบุรี,545 (2-26),,,smart bus,smart bus,bus,38
14230570,187 (1-17) รังสิตคลอง 3 - อนุสาวรีย์ชัยสมรภูมิ,187 (1-17),,,smart bus,smart bus,bus,20
14230571,187 (1-17) อนุสาวรีย์ชัยสมรภูมิ - รังสิตคลอง 3,187 (1-17),,,smart bus,smart bus,bus,35
14461248,รถป็อป สาย 1,CUPOP 1,ศาลาพระเกี้ยว,BTS สยาม,Chulalongkorn University,Chula Pop Bus,bus,12
14461249,รถป็อป สาย 2,ป็อป2,ศาลาพระเกี้ยว,BTS สนามกีฬาฯ,Chulalongkorn University,,bus,21
14572953,17 (4-3) บิ๊กซี พระประแดง - อนุสาวรีย์ชัยสมรภูมิ,17 (4-3),,,TSB,TSB,bus,38
14572954,17 (4-3) อนุสาวรีย์ชัยสมรภูมิ - บิ๊กซี พระประแดง,17 (4-3),,,TSB,TSB,bus,28
14694712,4-34 วงกลม : พระประแดง - เคหะธนบุรี (วนซ้าย),4-34,,,TSB,TSB,bus,36
14694713,3-53 สถานีรถไฟฟ้าหัวหมาก - เสาชิงช้า,3-53,,,,TSB,bus,31
14694714,3-53 เสาชิงช้า - สถานีรถไฟฟ้าหัวหมาก,3-53,,,TSB,TSB,bus,38
14694716,1-61 บ้านเอื้ออาทรสันติสุข - มีนบุรี,1-61,,,TSB,TSB,bus,13
14694717,1-61 มีนบุรี - บ้านเอื้ออาทรสันติสุข,1-61,,,,TSB,bus,12
14694719,131 มีนบุรี - บ้านเอื้ออาทรสันติสุข,131,,,BMTA,BMTA,bus,9
14694720,131 บ้านเอื้ออาทรสันติสุข - มีนบุรี,131,,,BMTA,BMTA,bus,9
14695066,34E (1-2E) รังสิต - หัวลำโพง (ทางด่วน),34E (1-2E),,,TSB,TSB,bus,25
14695067,34E (1-2E) หัวลำโพง - รังสิต (ทางด่วน),34E (1-2E),,,TSB,TSB,bus,33
14695429,44 (2-42) เคหะคลองจั่น - ท่าเตียน,44 (2-42),,,TSB,TSB,bus,48
14695430,44 (2-42) ท่าเตียน - เคหะคลองจั่น,44 (2-42),,,TSB,TSB,bus,52
14695432,137 วงกลม : รัชดาภิเษก - รามคำแหง (วนขวา),137,,,BMTA,BMTA,bus,34
14695433,137 วงกลม : รัชดาภิเษก - รามคำแหง (วนซ้าย),137,,,BMTA,BMTA,bus,43
14698817,123 (4-50) อ้อมใหญ่ - สนามหลวง,123 (4-50),,,smart bus,smart bus,bus,65
14698818,123 (4-50) สนามหลวง - อ้อมใหญ่,123 (4-50),สนามหลวง,อ้อมใหญ่,smart bus,smart bus,bus,58
14701060,38 (3-8) ม.รามคำแหง 2 - อนุสาวรีย์ชัยสมรภูมิ,38 (3-8),,,smart bus,smart bus,bus,18
14701061,38 (3-8) อนุสาวรีย์ชัยสมรภูมิ - ม.รามคำแหง 2,38 (3-8),,,smart bus,smart bus,bus,28
14701372,62 (3-42) สาธุประดิษฐ์ - อนุสาวรีย์ชัยสมรภูมิ,62 (3-42),,,BMTA,BMTA,bus,15
14701572,62 (3-42) อนุสาวรีย์ชัยสมรภูมิ - สาธุประดิษฐ์,62 (3-42),,,BMTA,BMTA,bus,21
14701899,67 (3-43) วัดเสมียนนารี - เซ็นทรัลพระราม 3,67 (3-43),,,BMTA,BMTA,bus,24
14701900,67 (3-43) เซ็นทรัลพระราม 3 - วัดเสมียนนารี,67 (3-43),,,BMTA,BMTA,bus,18
14720426,70 (2-14) ประชานิเวศน์ 3 - สนามหลวง,70 (2-14),,,BMTA,BMTA,bus,34
14720427,70 (2-14) สนามหลวง - ประชานิเวศน์ 3,70 (2-14),,,BMTA,BMTA,bus,36
14724229,29 (1-1) บางเขน - หัวลำโพง,29 (1-1),,,smart bus,smart bus,bus,15
14724230,29 (1-1) หัวลำโพง - บางเขน,29 (1-1),,,smart bus,smart bus,bus,27
14725519,47 (3-41) ท่าเรือคลองเตย - สำนักงานที่ดินกรุงเทพฯ,47 (3-41),,,BMTA,BMTA,bus,21
14725520,47 (3-41) สำนักงานที่ดินกรุงเทพฯ - ท่าเรือคลองเตย,47 (3-41),,,BMTA,BMTA,bus,30
14725522,69 (2-13) ตลาดท่าอิฐ - รามคำแหง,69 (2-13),,,smart bus,smart bus,bus,24
14725523,69 (2-13) รามคำแหง - ตลาดท่าอิฐ,69 (2-13),,,smart bus,smart bus,bus,35
14735090,46 (3-10) ม.รามคำแหง 2 - สี่พระยา,46 (3-10),,,Sitthi Chanchai,DLT,bus,25
14735091,46 (3-10) สี่พระยา - ม.รามคำแหง 2,46 (3-10),,,Sitthi Chanchai,DLT,bus,31
14742681,552 (3-25E) ปากน้ำ - นิคมอุตสาหกรรมลาดกระบัง,552 (3-25E),ปากน้ำ,นิคมอุตสาหกรรมลาดกระบัง,TSB,TSB,bus,27
14742682,552 (3-25E) นิคมอุตสาหกรรมลาดกระบัง - ปากน้ำ,552 (3-25E),นิคมอุตสาหกรรมลาดกระบัง,ปากน้ำ,TSB,TSB,bus,41
14742964,105 (4-18) สมุทรสาคร - คลองสาน,105 (4-18),,,BMTA,BMTA,bus,59
14742965,105 (4-18) คลองสาน - สมุทรสาคร,105 (4-18),,,BMTA,BMTA,bus,66
14748672,4-34 วงกลม : พระประแดง - เคหะธนบุรี (วนขวา),4-34,,,TSB,TSB,bus,35
14751978,23E (3-4E) ปากน้ำ - เทเวศร์,23E (3-4E),,,BMTA,BMTA,bus,41
14751979,23E (3-4E) เทเวศร์ - ปากน้ำ,23E (3-4E),,,BMTA,BMTA,bus,41
14771838,2 (3-1) ปากน้ำ - สะพานพุทธ,2 (3-1),,,TSB,TSB,bus,38
14771839,2 (3-1) สะพานพุทธ - ปากน้ำ,2 (3-1),,,TSB,TSB,bus,43
14771841,2E (3-2E) ท่าน้ำปู่เจ้าฯ - สะพานพุทธ,2E (3-2E),,,TSB,TSB,bus,45
14771842,2E (3-2E) สะพานพุทธ - ท่าน้ำปู่เจ้าฯ,2E (3-2E),,,TSB,TSB,bus,39
14772659,173 (4-27E) บางขุนเทียน - แฮปปี้แลนด์ (ทางด่วน),173 (4-27E),,,TSB,TSB,bus,72
14772660,173 (4-27E) แฮปปี้แลนด์ - บางขุนเทียน (ทางด่วน),173 (4-27E),,,TSB,TSB,bus,51
14784273,27 (1-37) มีนบุรี - วิภาวดี - อนุสาวรีย์ชัยสมรภูมิ,27 (1-37),,,TSB,TSB,bus,48
14784274,27 (1-37) อนุสาวรีย์ชัยสมรภูมิ - วิภาวดี - มีนบุรี,27 (1-37),,,TSB,TSB,bus,73
14864830,34 (1-3) บางเขน - หัวลำโพง,34 (1-3),,,TSB,TSB,bus,28
14864831,34 (1-3) หัวลำโพง - บางเขน,34 (1-3),,,TSB,TSB,bus,23
14938354,515 (4-61) เซ็นทรัลศาลายา - อนุสาวรีย์ชัยสมรภูมิ,515 (4-61),,,TSB,TSB,bus,53
14938355,515 (4-61) อนุสาวรีย์ชัยสมรภูมิ - เซ็นทรัลศาลายา,515 (4-61),,,TSB,TSB,bus,57
14938357,170 (4-49) พุทธมณฑลสาย 2 - หมอชิต 2,170 (4-49),,,TSB,TSB,bus,44
14938358,170 (4-49) หมอชิต 2 - พุทธมณฑลสาย 2,170 (4-49),,,TSB,TSB,bus,42
14938718,525 (1-58) สวนสยาม - ลำลูกกา คลอง 12,525 (1-58),,,TSB,TSB,bus,16
14938719,525 (1-58) ลำลูกกา คลอง 12 - สวนสยาม,525 (1-58),,,TSB,TSB,bus,11
14938721,526 (1-59) สวนสยาม - หมู่บ้านเอื้ออาทรสันติสุข,526 (1-59),,,TSB,TSB,bus,29
14938722,526 (1-59) หมู่บ้านเอื้ออาทรสันติสุข - สวนสยาม,526 (1-59),,,TSB,TSB,bus,29
14980245,146 (4-52) วงกลม : ตลิ่งชัน - บางแค (วนขวา),146 (4-52),,,TSB,TSB,bus,45
14980246,146 (4-52) วงกลม : ตลิ่งชัน - บางแค (วนซ้าย),146 (4-52),,,TSB,TSB,bus,37
14980248,1-62 มีนบุรี - กระทรวงพาณิชย์,1-62,,,TSB,TSB,bus,15
14980249,1-62 กระทรวงพาณิชย์ - มีนบุรี,1-62,,,,TSB,bus,15
14980679,517 (1-56) พระจอมเกล้าลาดกระบัง - อนุสาวรีย์ชัยสมรภูมิ,517 (1-56),,,TSB,TSB,bus,35
14980680,517 (1-56) อนุสาวรีย์ชัยสมรภูมิ - พระจอมเกล้าลาดกระบัง,517 (1-56),,,TSB,TSB,bus,29
14999163,26A (1-77) มีนบุรี - คลองเตย,26A (1-77),,,TSB,TSB,bus,48
14999164,26A (1-77) คลองเตย - มีนบุรี,26A (1-77),,,TSB,TSB,bus,43
14999166,3-52 วงกลม : เซ็นทรัลพระราม 3 - หัวลำโพง (วนขวา),3-52,,,TSB,TSB,bus,25
14999167,3-52 วงกลม : เซ็นทรัลพระราม 3 - หัวลำโพง (วนซ้าย),3-52,,,TSB,TSB,bus,23
15000231,1 (3-35) เซ็นทรัลพระราม 3 - สนามหลวง,1 (3-35),,,TSB,TSB,bus,36
15000232,1 (3-35) สนามหลวง - เซ็นทรัลพระราม 3,1 (3-35),,,TSB,TSB,bus,36
15000234,143 (1-47) นิคมอุตสาหกรรมนำไกร - มีนบุรี,143 (1-47),,,TSB,TSB,bus,47
15000235,143 (1-47) มีนบุรี - นิคมอุตสาหกรรมนำไกร,143 (1-47),,,TSB,TSB,bus,50
15000237,1-71 วงกลม : มีนบุรี - นิคมอุตสาหกรรมลาดกระบัง (วนขวา),1-71,,,TSB,TSB,bus,48
15000238,1-71 วงกลม : มีนบุรี - นิคมอุตสาหกรรมลาดกระบัง (วนซ้าย),1-71,,,TSB,TSB,bus,55
15002993,64 (2-11) กระทรวงสาธารณสุข - สนามหลวง,64 (2-11),,,TSB,TSB,bus,10
15002994,64 (2-11) สนามหลวง - กระทรวงสาธารณสุข,64 (2-11),,,TSB,TSB,bus,28
15002996,1-63 ปัฐวิกรณ์ - สวนหลวงพระราม 8,1-63,,,TSB,TSB,bus,48
15002997,1-63 สวนหลวงพระราม 8 - ปัฐวิกรณ์,1-63,,,TSB,TSB,bus,47
15045139,513 (3-23E) สำโรง - ศูนย์ราชการฯ แจ้งวัฒนะ,513 (3-23E),,,TSB,TSB,bus,15
15045140,513 (3-23E) ศูนย์ราชการฯ แจ้งวัฒนะ - สำโรง,513 (3-23E),,,TSB,TSB,bus,21
15045142,14 (3-39) ถนนตก - ศรีย่าน,14 (3-39),,,TSB,TSB,bus,45
15045143,14 (3-39) ศรีย่าน - ถนนตก,14 (3-39),,,TSB,TSB,bus,43
15045196,3-27 ท่าน้ำปู่เจ้าฯ - สวนสยาม,3-27,,,TSB,TSB,bus,66
15045197,3-27 สวนสยาม - ท่าน้ำปู่เจ้าฯ,3-27,,,TSB,TSB,bus,70
15045238,3-32 สำโรง - สวนสยาม,3-32,,,TSB,TSB,bus,50
15045239,3-32 สวนสยาม - สำโรง,3-32,,,TSB,TSB,bus,42
15061586,3-44 ท่าเรือคลองเตย - อนุสาวรีย์ชัยสมรภูมิ,3-44,,,TSB,TSB,bus,13
15061587,3-44 อนุสาวรีย์ชัยสมรภูมิ - ท่าเรือคลองเตย,3-44,,,TSB,TSB,bus,20
15061588,3-54 ท่าน้ำภาษีเจริญ - อนุสาวรีย์ชัยสมรภูมิ,3-54,,,TSB,TSB,bus,39
15061589,3-54 อนุสาวรีย์ชัยสมรภูมิ - ท่าน้ำภาษีเจริญ,3-54,อนุสาวรีย์ชัยสมรภูมิ,ท่าน้ำภาษีเจริญ,TSB,TSB,bus,49
15061674,3-55 ท่าเรือคลองเตย - พระราม 7,3-55,,,TSB,TSB,bus,21
15061675,3-55 พระราม 7 - ท่าเรือคลองเตย,3-55,,,TSB,TSB,bus,26
15061804,S5 (550) แฮปปี้แลนด์ - ท่าอากาศยานสุวรรณภูมิ,S5 (550),,,,TSB,bus,35
15061805,S5 (550) ท่าอากาศยานสุวรรณภูมิ - แฮปปี้แลนด์,S5 (550),,,,TSB,bus,35
15061807,1-73 วงกลม : นิคมอุตสาหกรรมนำไกร - ร่มเกล้า (วนขวา),1-73,,,TSB,TSB,bus,37
15061808,1-73 วงกลม : นิคมอุตสาหกรรมนำไกร - ร่มเกล้า (วนซ้าย),1-73,,,TSB,TSB,bus,35
15073268,1-9E ม.ธรรมศาสตร์ ศูนย์รังสิต - สนามหลวง,1-9E,,,TSB,TSB,bus,15
15073269,1-9E สนามหลวง - ม.ธรรมศาสตร์ ศูนย์รังสิต,1-9E,,,TSB,TSB,bus,18
15089406,157 (4-54E) อ้อมใหญ่ - อนุสาวรีย์ชัยสมรภูมิ,157 (4-54E),,,TSB,TSB,bus,68
15089407,157 (4-54E) อนุสาวรีย์ชัยสมรภูมิ - อ้อมใหญ่,157 (4-54E),,,TSB,TSB,bus,57
15089469,11 (3-3) สวนหลวง ร.9 - สนามกีฬาแห่งชาติ,11 (3-3),,,EXA Logistic,TSB,bus,21
15089470,11 (3-3) สนามกีฬาแห่งชาติ - สวนหลวง ร.9,11 (3-3),,,EXA Logistic,TSB,bus,29
15095990,S4 (549) มีนบุรี - ท่าอากาศยานสุวรรณภูมิ,S4 (549),,,,TSB,bus,41
15095991,S4 (549) ท่าอากาศยานสุวรรณภูมิ - มีนบุรี,S4 (549),,,,TSB,bus,37
15097953,165 (4-56) ศาลาธรรมสพน์ - สถานีรถไฟฟ้ากรุงธนบุรี,165 (4-56),,,TSB,TSB,bus,36
15097954,165 (4-56) สถานีรถไฟฟ้ากรุงธนบุรี - ศาลาธรรมสพน์,165 (4-56),,,,TSB,bus,38
15097956,163 (4-55) ศาลายา - สนามกีฬาแห่งชาติ,163 (4-55),,,TSB,TSB,bus,63
15097957,163 (4-55) สนามกีฬาแห่งชาติ - ศาลายา,163 (4-55),,,TSB,TSB,bus,61
15097959,4-67 ศาลายา - กระทรวงพาณิชย์,4-67,,,TSB,TSB,bus,47
15097960,4-67 กระทรวงพาณิชย์ - ศาลายา,4-67,,,TSB,TSB,bus,40
15098509,3-34 บางนา - นิคมอุตสาหกรรมลาดกระบัง,3-34,,,,TSB,bus,51
15098510,3-34 นิคมอุตสาหกรรมลาดกระบัง - บางนา,3-34,,,,TSB,bus,48
15098900,1-64 วงกลม : ซาฟารีเวิลด์ - นวลจันทร์ (วนขวา),1-64,,,TSB,TSB,bus,13
15098901,1-64 วงกลม : ซาฟารีเวิลด์ - นวลจันทร์ (วนซ้าย),1-64,,,TSB,TSB,bus,11
15098903,1-76 วงกลม : หมู่บ้านบัวขาว - มีนบุรี (วนขวา),1-76,,,TSB,TSB,bus,56
15098904,1-76 วงกลม : หมู่บ้านบัวขาว - มีนบุรี (วนซ้าย),1-76,,,TSB,TSB,bus,63
15098906,197 (1-52) วงกลม : มีนบุรี - คู้บอน - หทัยราษฎร์ (วนขวา),197 (1-52),,,TSB,TSB,bus,20
15098907,197 (1-52) วงกลม : มีนบุรี - คู้บอน - หทัยราษฎร์ (วนซ้าย),197 (1-52),,,TSB,TSB,bus,19
15261468,18 (2-3) ตลาดท่าอิฐ - อนุสาวรีย์ชัยมรภูมิ,18 (2-3),,,TSB,TSB,bus,14
15261469,18 (2-3) อนุสาวรีย์ชัยสมรภูมิ - ตลาดท่าอิฐ,18 (2-3),,,TSB,TSB,bus,16
15261660,210 (2-27) เมืองทองธานี - สถานีรถไฟฟ้าบางหว้า,210 (2-27),,,TSB,TSB,bus,24
15261661,210 (2-27) สถานีรถไฟฟ้าบางหว้า - เมืองทองธานี,210 (2-27),,,TSB,TSB,bus,42
15268646,2-17 วงกลม : สถานีรถไฟบางซื่อ - ม.เกษตรศาสตร์ (วนขวา),2-17,,,TSB,TSB,bus,38
15268647,2-17 วงกลม : สถานีรถไฟบางซื่อ - ม.เกษตรศาสตร์ (วนซ้าย),2-17,,,TSB,TSB,bus,30
15268703,1-33 บางเขน - สถานีรถไฟบางซื่อ,1-33,,,TSB,TSB,bus,9
15268704,1-33 สถานีรถไฟบางซื่อ - บางเขน,1-33,,,TSB,TSB,bus,9
15283716,1-32E บางเขน - สถานีรถไฟฟ้าตลาดพลู,1-32E,,,TSB,TSB,bus,27
15283717,1-32E สถานีรถไฟฟ้าตลาดพลู - บางเขน,1-32E,,,TSB,TSB,bus,23
15283797,152 (1-49) พระจอมเกล้าลาดกระบัง - แฮปปี้แลนด์,152 (1-49),,,TSB,TSB,bus,65
15283798,152 (1-49) แฮปปี้แลนด์ - พระจอมเกล้าลาดกระบัง,152 (1-49),,,TSB,TSB,bus,38
15283992,92 (1-41) เคหะร่มเกล้า - แฮปปี้แลนด์,92 (1-41),,,TSB,TSB,bus,67
15283993,92 (1-41) แฮปปี้แลนด์ - เคหะร่มเกล้า,92 (1-41),,,TSB,TSB,bus,61
15283995,S3 (559) รังสิต - ท่าอากาศยานสุวรรณภูมิ,S3 (559),,,,TSB,bus,23
15283996,S3 (559) ท่าอากาศยานสุวรรณภูมิ - รังสิต,S3 (559),,,,TSB,bus,31
15283998,8 (2-38) แฮปปี้แลนด์ - สะพานพุทธ,8 (2-38),,,TSB,TSB,bus,36
15283999,8 (2-38) สะพานพุทธ - แฮปปี้แลนด์,8 (2-38),,,TSB,TSB,bus,38
15284808,4-68 สวนผัก - ถนนตก,4-68,,,TSB,TSB,bus,44
15284809,4-68 ถนนตก - สวนผัก,4-68,,,TSB,TSB,bus,48
15321436,4 (3-36) ท่าเรือคลองเตย - ท่าน้ำภาษีเจริญ,4 (3-36),,,TSB,TSB,bus,28
15321437,4 (3-36) ท่าน้ำภาษีเจริญ - ท่าเรือคลองเตย,4 (3-36),,,TSB,TSB,bus,29
15338096,84 (4-46) วัดไร่ขิง - สถานีรถไฟฟ้ากรุงธนบุรี,84 (4-46),,,TSB,TSB,bus,76
15338097,84 (4-46) สถานีรถไฟฟ้ากรุงธนบุรี - วัดไร่ขิง,84 (4-46),,,TSB,TSB,bus,72
15338099,77 (3-45) เซ็นทรัลพระราม 3 - หมอชิต 2,77 (3-45),,,TSB,TSB,bus,30
15338100,77 (3-45) หมอชิต 2 - เซ็นทรัลพระราม 3,77 (3-45),,,TSB,TSB,bus,36
15344979,120 (4-21) สมุทรสาคร - แยกบ้านแขก,120 (4-21),,,Ampairungroj,TSB,bus,57
15344980,120 (4-21) แยกบ้านแขก - สมุทรสาคร,120 (4-21),,,Ampairungroj,TSB,bus,47
15348633,529E (4-29E) แสมดำ - หมอชิต 2 (ทางด่วน),529E (4-29E),,,TSB,TSB,bus,56
15348634,529E (4-29E) หมอชิต 2 - แสมดำ (ทางด่วน),529E (4-29E),,,TSB,TSB,bus,56
15409047,122 (2-48) แฮปปี้แลนด์ - หมอชิต 2,122 (2-48),แฮปปี้แลนด์,หมอชิต 2,smart bus,smart bus,bus,32
15409048,122 (2-48) หมอชิต 2 - แฮปปี้แลนด์,Unknown,หมอชิต 2,แฮปปี้แลนด์,smart bus,smart bus,bus,41
15409050,126 (1-13) ศูนย์ราชการฯ แจ้งวัฒนะ - คลองตัน,126 (1-13),,,smart bus,smart bus,bus,41
15409051,126 (1-13) คลองตัน - ศูนย์ราชการฯ แจ้งวัฒนะ,126 (1-13),,,smart bus,smart bus,bus,33
15409379,167 (4-26) เคหะธนบุรี - สวนลุมพินี,167 (4-26),,,smart bus,smart bus,bus,30
15409380,167 (4-26) สวนลุมพินี - เคหะธนบุรี,167 (4-26),,,smart bus,smart bus,bus,30
15409382,1-31 ศูนย์ราชการฯ แจ้งวัฒนะ - คลองหลวง,1-31,,,TSB,TSB,bus,7
15409383,1-31 คลองหลวง - ศูนย์ราชการฯ แจ้งวัฒนะ,1-31,,,TSB,TSB,bus,12
15410324,12 (3-37) ศูนย์วัฒนธรรมแห่งประเทศไทย - สถานีรถไฟฟ้าสนามไชย,12 (3-37),,,TSB,TSB,bus,25
15410325,12 (3-37) สถานีรถไฟฟ้าสนามไชย - ศูนย์วัฒนธรรมแห่งประเทศไทย,12 (3-37),,,TSB,TSB,bus,16
15410327,71 (1-39) สวนสยาม - คลองเตย,71 (1-39),,,TSB,TSB,bus,41
15410328,71 (1-39) คลองเตย - สวนสยาม,71 (1-39),,,TSB,TSB,bus,50
15410330,69E (2-18E) ตลาดท่าอิฐ - รามคำแหง,69E (2-18E),,,TSB,TSB,bus,19
15410331,69E (2-18E) รามคำแหง - ตลาดท่าอิฐ,69E (2-18E),,,TSB,TSB,bus,12
15414367,25 (3-6) โรงเรียนปทุมคงคา สมุทรปราการ - เอกมัย,25 (3-6),โรงเรียนปทุมคงคา สมุทรปราการ,เอกมัย,Sai 25 Ruamjai,TSB,bus,61
15414368,25 (3-6) เอกมัย - โรงเรียนปทุมคงคา สมุทรปราการ,25 (3-6),เอกมัย,โรงเรียนปทุมคงคา สมุทรปราการ,Sai 25 Ruamjai,TSB,bus,60
15414999,2-34 วงกลม : สถานีรถไฟสามเสน - ดินแดง (วนขวา),2-34,,,TSB,TSB,bus,10
15415000,2-34 วงกลม : สถานีรถไฟสามเสน - ดินแดง (วนซ้าย),Unknown,,,,TSB,bus,25
15419265,175 (2-22) ท่าน้ำนนทบุรี - ถนนตก,175 (2-22),,,TSB,TSB,bus,33
15419266,175 (2-22) ถนนตก - ท่าน้ำนนทบุรี,175 (2-22),,,TSB,TSB,bus,30
15419268,97 (2-15) กระทรวงสาธารณสุข - โรงพยาบาลสงฆ์,97 (2-15),,,TSB,TSB,bus,25
15419269,97 (2-15) โรงพยาบาลสงฆ์ - กระทรวงสาธารณสุข,97 (2-15),,,TSB,TSB,bus,29
15431613,82 (4-15) ท่าน้ำพระประแดง - บางลำพู,82 (4-15),ท่าน้ำพระประแดง,บางลำพู,TSB,TSB,bus,33
15431614,82 (4-15) บางลำพู - ท่าน้ำพระประแดง,82 (4-15),บางลำพู,ท่าน้ำพระประแดง,TSB,TSB,bus,32
15431616,88 (4-17) มจธ.บางขุนเทียน - สถานีรถไฟฟ้าตลาดพลู,88 (4-17),,,TSB,TSB,bus,41
15431617,88 (4-17) สถานีรถไฟฟ้าตลาดพลู - มจธ.บางขุนเทียน,88 (4-17),,,TSB,TSB,bus,30
15441884,140 (4-23E) แสมดำ - อนุสาวรีย์ชัยสมรภูมิ,140 (4-23E),,,TSB,TSB,bus,38
15441885,140 (4-23E) อนุสาวรีย์ชัยสมรภูมิ - แสมดำ,140 (4-23E),,,TSB,TSB,bus,45
15455923,57 (4-41) วงกลม : ตลิ่งชัน - วงเวียนใหญ่ (วนขวา),57 (4-41),,,TSB,TSB,bus,25
15455924,57 (4-41) วงกลม : ตลิ่งชัน - วงเวียนใหญ่ (วนซ้าย),57 (4-41),,,TSB,TSB,bus,23
15456065,81 (4-45) อ้อมน้อย - ท่าราชวรดิฐ,81 (4-45),,,TSB,TSB,bus,64
15456066,81 (4-45) ท่าราชวรดิฐ - อ้อมน้อย,81 (4-45),,,TSB,TSB,bus,56
15533077,96 (1-42) มีนบุรี - หมอชิต 2,96 (1-42),,,BMTA,BMTA,bus,50
15533078,96 (1-42) หมอชิต 2 - มีนบุรี,96 (1-42),,,BMTA,BMTA,bus,66
15533080,104 (2-16) ปากเกร็ด - หมอชิต 2,104 (2-16),,,smart bus,smart bus,bus,24
15533081,104 (2-16) หมอชิต 2 - ปากเกร็ด,104 (2-16),,,smart bus,smart bus,bus,16
15533083,150 (1-15) ปากเกร็ด - มีนบุรี,150 (1-15),,,smart bus,smart bus,bus,34
15533084,150 (1-15) มีนบุรี - ปากเกร็ด,150 (1-15),,,smart bus,smart bus,bus,29
15559782,รถป๊อป สาย 5,ป็อป5,ศาลาพระเกี้ยว,ระเบียงจามจุรี,Chulalongkorn University,,bus,17
15559804,รถป๊อป สาย 3,ป๊อป3,ศาสาพระเกี้ยว,"MBK, คณะแพทย์",Chulalongkorn University,,bus,4
15559837,รถป๊อป สาย 4,ป๊อป4,ศาลาพระเกี้ยว,สามย่านมิตรทาวน์,Chulalongkorn University,,bus,12
15591202,127 (2-19) บางบัวทอง - บางลำพู,127 (2-19),,,smart bus,smart bus,bus,27
15591203,127 (2-19) บางลำพู - บางบัวทอง,127 (2-19),,,smart bus,smart bus,bus,37
15650473,80A (4-44) หมู่บ้าน วปอ.11 - สวนหลวงพระราม 8,80A (4-44),,,Charoen Bus,TSB,bus,52
15650474,80A (4-44) สวนหลวงพระราม 8 - หมู่บ้าน วปอ.11,80A (4-44),,,Charoen Bus,TSB,bus,56
15650672,85 (4-16) บิ๊กซี พระประแดง - สถานีรถไฟธนบุรี,85 (4-16),,,smart bus,smart bus,bus,32
15650673,85 (4-16) สถานีรถไฟธนบุรี - บิ๊กซี พระประแดง,85 (4-16),,,smart bus,smart bus,bus,31
15677809,S6 (555) กรุงเทพอภิวัฒน์ - ท่าอากาศยานสุวรรณภูมิ,S6 (555),,,,TSB,bus,18
15677810,S6 (555) ท่าอากาศยานสุวรรณภูมิ - กรุงเทพอภิวัฒน์,S6 (555),,,,TSB,bus,37
15737056,89 (4-47) (89) สายใต้ใหม่ - มทร.กรุงเทพ,89 (4-47),,,smart bus,smart bus,bus,65
15737057,89 (4-47) มทร.กรุงเทพ - สายใต้ใหม่,89 (4-47),,,smart bus,smart bus,bus,63
15762617,42 (4-10) วงกลม : เสาชิงช้า - ท่าพระ (วนขวา),42 (4-10),,,Mahachol Transport,TSB,bus,20
15762618,42 (4-10) วงกลม : เสาชิงช้า - ท่าพระ (วนซ้าย),42 (4-10),,,Mahachol Transport,TSB,bus,26
15863622,149 (4-53) พุทธมณฑลสาย 2 - เอกมัย,149 (4-53),,,TSB,TSB,bus,37
15863695,149 (4-53) เอกมัย - พุทธมณฑลสาย 2,149 (4-53),,,TSB,TSB,bus,34
15863790,115 (1-45) สวนสยาม - บางรัก,115 (1-45),,,smart bus,smart bus,bus,44
15863791,115 (1-45) บางรัก - สวนสยาม,115 (1-45),,,smart bus,smart bus,bus,45
15870234,43 (4-11) โรงเรียนศึกษานารี 2 - เทเวศร์,43 (4-11),,,smart bus,smart bus,bus,51
15870235,43 (4-11) เทเวศร์ - โรงเรียนศึกษานารี 2,43 (4-11),,,smart bus,smart bus,bus,62
15887286,90 ปอ. ปทุมธานี - สถานีรถไฟฟ้าหมอชิต,90,,,,DLT,bus,46
15887287,90 ปอ. สถานีรถไฟฟ้าหมอชิต - ปทุมธานี,90,,,,DLT,bus,48
15955957,45 (3-9E) หนามแดง - สี่พระยา,45 (3-9E),,,BMTA,BMTA,bus,23
15955958,45 (3-9E) สี่พระยา - หนามแดง,45 (3-9E),,,BMTA,BMTA,bus,38
15971179,4-70E สถานีรถไฟฟ้าหมอชิต - เซ็นทรัลศาลายา,4-70E,,,BMTA,BMTA,bus,60
16016024,204 (2-52) หมอชิต 2 - ห้วยขวาง - ท่าน้ำราชวงศ์,204 (2-52),,,BMTA,BMTA,bus,36
16016025,204 (2-52) ท่าน้ำราชวงศ์ - ห้วยขวาง - หมอชิต 2,204 (2-52),,,BMTA,BMTA,bus,32
16032657,33 (2-6) ปทุมธานี - เทเวศร์,33 (2-6),,,Bus 33,DLT,bus,32
16032658,33 (2-6) เทเวศร์ - ปทุมธานี,33 (2-6),,,Bus 33,DLT,bus,39
16128201,529 (4-28) แสมดำ - อนุสาวรีย์ชัยสมรภูมิ,529 (4-28),,,TSB,TSB,bus,61
16128202,529 (4-28) อนุสาวรีย์ชัยสมรภูมิ - แสมดำ,529 (4-28),,,TSB,TSB,bus,67
16186314,124 (4-51) บ้านเอื้ออาทรศาลายา - สนามหลวง,124 (4-51),,,smart bus,smart bus,bus,59
16186315,124 (4-51) สนามหลวง - บ้านเอื้ออาทรศาลายา,124 (4-51),สนามหลวง,ศาลายา,smart bus,smart bus,bus,59
16559631,21E (4-7E) วัดคู่สร้าง - จุฬาลงกรณ์มหาวิทยาลัย (ทางด่วน),21E (4-7E),วัดคู่สร้าง,จุฬาลงกรณ์มหาวิทยาลัย,BMTA,BMTA,bus,44
16559632,21E (4-7E) จุฬาลงกรณ์มหาวิทยาลัย - วัดคู่สร้าง (ทางด่วน),21E (4-7E),จุฬาลงกรณ์ฯ,วัดคู่สร้าง,BMTA,BMTA,bus,48
16701515,20 ปอ. พระสมุทรเจดีย์ - ปากน้ำ,20 Shorts,,,BMTA,BMTA,bus,26
16701516,20 ปอ. ปากน้ำ - พระสมุทรเจดีย์,20 Shorts,,,BMTA,BMTA,bus,24
16915315,1-50 เคหะร่มเกล้า - อนุสาวรีย์ชัยสมรภูมิ,1-50,,,BMTA,BMTA,bus,74
16915316,1-50 อนุสาวรีย์ชัยสมรภูมิ - เคหะร่มเกล้า,1-50,,,BMTA,BMTA,bus,73
16935560,1-20E (510E) ม.ธรรมศาสตร์ ศูนย์รังสิต - อนุสาวรีย์ชัยสมรภูมิ (ทางด่วน),1-20E (510E),,,BMTA,BMTA,bus,33
16935561,1-20E (510E) อนุสาวรีย์ชัยสมรภูมิ - ม.ธรรมศาสตร์ ศูนย์รังสิต (ทางด่วน),1-20E (510E),,,BMTA,BMTA,bus,26
16936023,59 (1-8) รังสิต - สนามหลวง,59 (1-8),,,BMTA,BMTA,bus,62
16936024,59 (1-8) สนามหลวง - รังสิต,59 (1-8),,,BMTA,BMTA,bus,63
17032619,2-2 ปากเกร็ด - ท่าน้ำสี่พระยา,2-2,,,BMTA,BMTA,bus,32
17032620,2-2 ท่าน้ำสี่พระยา - ปากเกร็ด,2-2,,,BMTA,BMTA,bus,38
17041397,5 อู่กำแพงเพชร - สะพานพุทธ,5,,,BMTA,BMTA,bus,52
17041398,5 สะพานพุทธ - อู่กำแพงเพชร,5,,,BMTA,BMTA,bus,51
17225524,680 ปอ. รังสิต - สวนสมเด็จ - บางใหญ่,680,รังสิต,บางใหญ่,Kitti Soontron,Kitti Soontron,bus,57
17225710,680 ปอ. บางใหญ่ - สวนสมเด็จ - รังสิต,680,บางใหญ่,รังสิต,Kitti Soontron,Kitti Soontron,bus,60
17487513,520 (1-68) มีนบุรี - รังสิต,520 (1-68),มีนบุรี,รังสิต,BMTA,BMTA,bus,7
17487514,520 (1-68) รังสิต - มีนบุรี,520 (1-68),รังสิต,มีนบุรี,BMTA,BMTA,bus,13
17544772,34 รังสิต - หัวลำโพง,34,,,TSB,TSB,bus,44
17544773,34 หัวลำโพง - รังสิต,34,,,TSB,TSB,bus,40
17641018,รถสองแถวสาย 1011,1011,พระประแดง,บางกอบัว,,,bus,25
17726510,2-29 สถานีรถไฟฟ้าคลองบางไผ่ - เซ็นทรัลพระราม 2,2-29,MRT คลองบางไผ่,เซ็นทรัลพระราม 2,BMTA,BMTA,bus,55
17726511,2-29 เซ็นทรัลพระราม 2 - สถานีรถไฟฟ้าคลองบางไผ่,2-29,เซ็นทรัลพระราม 2,MRT คลองบางไผ่,BMTA,BMTA,bus,50
17816492,511 (3-22E) ปากน้ำ - สายใต้ใหม่ (ทางด่วน),511 (3-22E),,,BMTA,BMTA,bus,59
17816493,511 (3-22E) สายใต้ใหม่ - ปากน้ำ (ทางด่วน),511 (3-22E),,,BMTA,BMTA,bus,60
17816769,3-31 เมกาบางนา - บางบอน,3-31,,,BMTA,BMTA,bus,74
17816770,3-31 บางบอน - เมกาบางนา,3-31,,,BMTA,BMTA,bus,80
17875255,1-7E (59E) รังสิต - สนามหลวง (ทางด่วน),1-7E (59E),,สนามหลวง,BMTA,BMTA,bus,39
17875256,1-7E (59E) สนามหลวง - รังสิต (ทางด่วน),1-7E (59E),,,BMTA,BMTA,bus,31
17875258,185 (1-16) แยกลำลูกกา - พระราม 9,185 (1-16),,,BMTA,BMTA,bus,14
17875259,185 (1-16) พระราม 9 - แยกลำลูกกา,185 (1-16),,,BMTA,BMTA,bus,4
17876843,3-19E (145E) ปากน้ำ - หมอชิต 2 (ทางด่วน),3-19E (145E),,,BMTA,BMTA,bus,59
17876844,3-19E (145E) หมอชิต 2 - ปากน้ำ (ทางด่วน),3-19E (145E),หมอชิต 2,อู่บ่อดิน,BMTA,BMTA,bus,50
17877971,114 (1-21) รังสิต - นครอินทร์,114 (1-21),,,BMTA,BMTA,bus,32
17877972,114 (1-21) นครอินทร์ - รังสิต,114 (1-21),,,BMTA,BMTA,bus,34
17878155,95 (1-29) บางเขน - ม.รามคำแหง,95 (1-29),,,,BMTA,bus,50
17878156,95 (1-29) ม.รามคำแหง - บางเขน,95 (1-29),,,BMTA,BMTA,bus,46
17890124,180 (3-20E) เซ็นทรัลพระราม 3 - เมกาบางนา,180 (3-20E),,,BMTA,BMTA,bus,46
17890125,180 (3-20E) เมกาบางนา - เซ็นทรัลพระราม 3,180 (3-20E),,,BMTA,BMTA,bus,45
17890127,206 (3-30) ศรีเอี่ยม - บางเขน,206 (3-30),,,BMTA,BMTA,bus,35
17890128,206 (3-30) บางเขน - ศรีเอี่ยม,206 (3-30),,,BMTA,BMTA,bus,36
17890526,72 (3-46) ท่าเรือคลองเตย - เทเวศร์,72 (3-46),,,BMTA,BMTA,bus,30
17890527,72 (3-46) เทเวศร์ - ท่าเรือคลองเตย,72 (3-46),,,,BMTA,bus,36
17890709,54 (2-44) วงกลมรอบเมือง : พระราม 9 - โบสถ์แม่พระ (วนซ้าย),54 (2-44),,,,BMTA,bus,24
17890710,54 (2-44) วงกลมรอบเมือง : โบสถ์แม่พระ - พระราม 9 (วนขวา),54 (2-44),,,,BMTA,bus,26
17895544,2-28 บางบัวทอง - สวนลุมพินี,2-28,,,BMTA,BMTA,bus,49
17895545,2-28 สวนลุมพินี - บางบัวทอง,2-28,,,,BMTA,bus,56
17899550,2-10E (63) นครอินทร์ - ประตูน้ำ (ทางด่วน),2-10E (63),,,BMTA,BMTA,bus,51
17899551,2-10E (63) ประตูน้ำ - นครอินทร์ (ทางด่วน),2-10E (63),,,BMTA,BMTA,bus,47
17899553,36 (2-40) อู่พระราม 9 - ฟอร์จูน - สี่พระยา,36 (2-40),อู่พระราม 9,สี่พระยา,BMTA,BMTA,bus,31
17899554,36 (2-40) สี่พระยา - ฟอร์จูน - อู่พระราม 9,36 (2-40),สี่พระยา,อู่พระราม 9,BMTA,BMTA,bus,32
17899703,2-33 บัวทองเคหะ - สถานีรถไฟบางซื่อ,2-33,,,BMTA,BMTA,bus,43
17899704,2-33 สถานีรถไฟบางซื่อ - บัวทองเคหะ,2-33,,,BMTA,BMTA,bus,37
17899706,2-53 วงกลม : อนุสาวรีย์ชัยสมรภูมิ - รัชดาภิเษก (วนซ้าย),2-53,,,BMTA,BMTA,bus,21
17899707,2-53 วงกลม : อนุสาวรีย์ชัยสมรภูมิ - รัชดาภิเษก (วนขวา),2-53,,,BMTA,BMTA,bus,22
17902336,166 (2-31E) ศรีสมาน - เมืองทองธานี - อนุสาวรียชัยสมรภูมิ,166 (2-31E),,,BMTA,BMTA,bus,28
17902337,166 (2-31E) อนุสาวรีย์ชัยสมรภูมิ - เมืองทองธานี - ศรีสมาน,166 (2-31E),,,BMTA,BMTA,bus,24
17902573,4-33E พระประแดง - หมอชิต 2,4-33E,,,BMTA,BMTA,bus,23
17902574,4-33E หมอชิต 2 - พระประแดง,4-33E,,,BMTA,BMTA,bus,24
17902576,101 (4-5) อู่บรมราชชนนี - ท่าน้ำพระประแดง,101 (4-5),,,BMTA,BMTA,bus,46
17902577,101 (4-5) ท่าน้ำพระประแดง - อู่บรมราชชนนี,101 (4-5),,,BMTA,BMTA,bus,49
17907219,37 (4-9) ท่าน้ำพระประแดง - จุฬาลงกรณ์มหาวิทยาลัย,37 (4-9),,,BMTA,BMTA,bus,39
17907220,37 (4-9) จุฬาลงกรณ์มหาวิทยาลัย - ท่าน้ำพระประแดง,37 (4-9),,,,BMTA,bus,43
17907352,21 (4-6) วัดคู่สร้าง - มหานาค,21 (4-6),,,BMTA,BMTA,bus,29
17907353,21 (4-6) มหานาค - วัดคู่สร้าง,21 (4-6),,,BMTA,BMTA,bus,32
17907545,A2 ท่าอากาศยานดอนเมือง - ดินแดง - อนุสาวรีย์ชัยสมรภูมิ,A2 (New),,,BMTA,BMTA,bus,6
17907546,A2 อนุสาวรีย์ชัยสมรภูมิ - ดินแดง - ท่าอากาศยานดอนเมือง,A2 (New),,,BMTA,BMTA,bus,10
17907690,26E (1-35E) มีนบุรี - อนุสาวรีย์ชัยสมรภูมิ (ทางด่วน),26E (1-35E),,,BMTA,BMTA,bus,16
17907691,26E (1-35E) อนุสาวรีย์ชัยสมรภูมิ - มีนบุรี (ทางด่วน),26E (1-35E),,,BMTA,BMTA,bus,22
17910539,93 (1-40) หมู่บ้านนักกีฬาฯ - พัฒนาการ - สี่พระยา,93 (1-40),,,BMTA,BMTA,bus,40
17910540,93 (1-40) สี่พระยา - พัฒนาการ - หมู่บ้านนักกีฬาฯ,93 (1-40),,,,BMTA,bus,49
17910542,501 (1-53) หมู่บ้านนักกีฬาฯ - ท่าราชวรดิฐ,501 (1-53),,,BMTA,BMTA,bus,59
17910543,501 (1-53) ท่าราชวรดิฐ - หมู่บ้านนักกีฬาฯ,501 (1-53),,,BMTA,BMTA,bus,61
17912717,509 (4-60) หมู่บ้านเศรษฐกิจ - หมอชิต 2,509 (4-60),,,BMTA,BMTA,bus,67
17912718,509 (4-60) หมอชิต 2 - หมู่บ้านเศรษฐกิจ,509 (4-60),,,BMTA,BMTA,bus,71
17912988,514 (1-54) มีนบุรี - สวนลุมพินี,514 (1-54),,,BMTA,BMTA,bus,38
17913358,514 (1-54) สวนลุมพินี - มีนบุรี,514 (1-54),,,,BMTA,bus,26
17913500,514E (1-55E) มีนบุรี - ท่าน้ำสี่พระยา,514E (1-55E),,,BMTA,BMTA,bus,52
17913501,514E (1-55E) ท่าน้ำสี่พระยา - มีนบุรี,514E (1-55E),,,,BMTA,bus,52
17914003,73 (2-45) บ้านเอื้ออาทรบึงกุ่ม - สะพานพุทธ,73 (2-45),,,BMTA,BMTA,bus,43
17914004,73 (2-45) สะพานพุทธ - บ้านเอื้ออาทรบึงกุ่ม,73 (2-45),,,BMTA,BMTA,bus,46
17914161,505E (2-24E) ปากเกร็ด - วงเวียนใหญ่,505E (2-24E),,,BMTA,BMTA,bus,30
17914162,505E (2-24E) วงเวียนใหญ่ - ปากเกร็ด,505E (2-24E),,,BMTA,BMTA,bus,29
17924627,4-69 อู่บรมราชชนนี - พระราม 9,4-69,,,BMTA,BMTA,bus,45
17924628,4-69 พระราม 9 - อู่บรมราชชนนี,4-69,,,BMTA,BMTA,bus,55
17924691,179 (3-49) กทม.2 - พระราม 7,179 (3-49),,,,BMTA,bus,23
17924692,179 (3-49) พระราม 7 - กทม.2,179 (3-49),,,BMTA,BMTA,bus,26
17932916,66 (2-12) สายใต้ปิ่นเกล้า - ศูนย์ราชการฯ แจ้งวัฒนะ,66 (2-12),,,BMTA,BMTA,bus,3
17932917,66 (2-12) ศูนย์ราชการฯ แจ้งวัฒนะ - สายใต้ปิ่นเกล้า,66 (2-12),,,BMTA,BMTA,bus,6
17933051,2-32E ประชานิเวศน์ 3 - สนามหลวง (ทางด่วน),2-32E,,,BMTA,BMTA,bus,32
17933052,2-32E สนามหลวง - ประชานิเวศน์ 3 (ทางด่วน),2-32E,,,BMTA,BMTA,bus,32
17942504,13 (3-38) คลองเตย - ปัฐวิกรณ์,13 (3-38),,,BMTA,BMTA,bus,20
17942505,13 (3-38) ปัฐวิกรณ์ - คลองเตย,13 (3-38),,,BMTA,BMTA,bus,20
17948655,1-80E อู่สวนสยาม - สถานีรถไฟฟ้าสนามไชย (ทางด่วน),1-80E,,,BMTA,BMTA,bus,34
17948656,1-80E สถานีรถไฟฟ้าสนามไชย - อู่สวนสยาม (ทางด่วน),1-80E,,,BMTA,BMTA,bus,52
17948874,73 (2-46) อู่สวนสยาม - โพธิ์แก้ว - สนามกีฬาแห่งชาติ,73 (2-46),,,BMTA,BMTA,bus,45
17948875,73 (2-46) สนามกีฬาแห่งชาติ - โพธิ์แก้ว - อู่สวนสยาม,73 (2-46),,,BMTA,BMTA,bus,44
17948973,79 (4-42) อู่บรมราชชนนี - ราชประสงค์,79 (4-42),,,BMTA,BMTA,bus,29
17948974,79 (4-42) ราชประสงค์ - อู่บรมราชชนนี,79 (4-42),,,BMTA,BMTA,bus,30
17951934,15 (4-2) วงกลม : BRT ราชพฤกษ์ - สยาม - บางลำพู (วนซ้าย),15 (4-2),,,BMTA,BMTA,bus,41
17951935,15 (4-2) วงกลม : BRT ราชพฤกษ์ - สยาม - บางลำพู (วนขวา),15 (4-2),,,BMTA,BMTA,bus,16
17976207,189 (4-59) กระทุ่มแบน - สถานีรถไฟชุมทางตลิ่งชัน,189 (4-59),,,BMTA,BMTA,bus,47
17976208,189 (4-59) สถานีรถไฟชุมทางตลิ่งชัน - กระทุ่มแบน,189 (4-59),,,BMTA,BMTA,bus,43
17979444,515 ปอ. เซ็นทรัลศาลายา - อนุสาวรีย์ชัยสมรภูมิ (ทางด่วน),515E,,,BMTA,BMTA,bus,21
17979505,36ก (2-41) ปัฐวิกรณ์ - อนุสาวรีย์ชัยสมรภูมิ,36ก (2-41),,,BMTA,BMTA,bus,20
17979506,36ก (2-41) อนุสาวรีย์ชัยสมรภูมิ - ปัฐวิกรณ์,36ก (2-41),,,BMTA,BMTA,bus,19
17979738,178 (2-50) แฮปปี้แลนด์ - เซ็นทรัลลาดพร้าว,178 (2-50),,,BMTA,BMTA,bus,32
17979739,178 (2-50) เซ็นทรัลลาดพร้าว - แฮปปี้แลนด์,178 (2-50),,,BMTA,BMTA,bus,19
17983787,24 (2-39) ประชานิเวศน์ 3 - จุฬาลงกรณ์มหาวิทยาลัย,24 (2-39),,,BMTA,BMTA,bus,30
17983789,24 (2-39) จุฬาลงกรณ์มหาวิทยาลัย - ประชานิเวศน์ 3,24 (2-39),,,BMTA,BMTA,bus,27
17983855,22 (3-40) ถนนตก - แฮปปี้แลนด์,22 (3-40),,,BMTA,BMTA,bus,25
17983856,22 (3-40) แฮปปี้แลนด์ - ถนนตก,22 (3-40),,,BMTA,BMTA,bus,21
17988217,6250 รังสิต - ลำลูกกา คลอง 10,6250,,,บริษัท กิตติสุนทร จำกัด,,bus,3
17998758,191 (2-51) เคหะคลองจั่น - สถานีรถไฟฟ้าพระนั่งเกล้า,191 (2-51),,,BMTA,BMTA,bus,37
17998759,191 (2-51) สถานีรถไฟฟ้าพระนั่งเกล้า - เคหะคลองจั่น,191 (2-51),,,BMTA,BMTA,bus,28
18032481,63 สถานีรถไฟฟ้าพระนั่งเกล้า - อนุสาวรีย์ชัยสมรภูมิ,63,นนทบุรี,อนุสาวรีย์ชัยสมรภูมิ,BMTA,BMTA,bus,21
18032482,63 อนุสาวรีย์ชัยสมรภูมิ - สถานีรถไฟฟ้าพระนั่งเกล้า,63,,,BMTA,BMTA,bus,17
18088752,205 (3-51) วงกลมคลองเตย - เดอะมอลล์ท่าพระ (วนซ้าย),205 (3-51),,,BMTA,BMTA,bus,6
18088753,205 (3-51) วงกลมคลองเตย - เดอะมอลล์ท่าพระ (วนขวา),205 (3-51),,,BMTA,BMTA,bus,9
18169875,3-26E (537) สถาบันการแพทย์จักรีนฤบดินทร์ - รพ.รามาธิบดี,3-26E (537),,,TSB,TSB,bus,19
18169876,3-26E (537) รพ.รามาธิบดี - สถาบันการแพทย์จักรีนฤบดินทร์,3-26E (537),,,TSB,TSB,bus,12
18230594,1-71X มีนบุรี - เคหะฉลองกรุง,1-71X,,,TSB,TSB,bus,34
18230595,1-71X เคหะฉลองกรุง - มีนบุรี,1-71X,,,TSB,TSB,bus,34
18320493,สองแถว 1526 ถนอมมิตร - ลาดพร้าว 81,1526,ถนอมมิตรพาร์ค,ซอยลาดพร้าว 81,,สองแถว,bus,23
18320494,สองแถว 1526 ลาดพร้าว 81 - ถนอมมิตร,1526,ซอยลาดพร้าว 81,ถนอมมิตรพาร์ค,,สองแถว,bus,19
18324340,สองแถว 1089 รามอินทรา กม.5 - วัชรพล - เพิ่มสิน 20,1089,รามอินทรา กม.5,เพิ่มสิน 20,,สองแถว,bus,3
18324341,สองแถว 1089 เพิ่มสิน 20 - วัชรพล - รามอินทรา กม.5,1089,เพิ่มสิน 20,รามอินทรา กม.5,,สองแถว,bus,6
18330718,สองแถว 1096 (ถนอมมิตร) ถนอมมิตร - พหลโยธิน 48 - สะพานใหม่,1096 (ถนอมมิตร),ถนอมมิตร,สะพานใหม่,,สองแถว,bus,4
18334504,สองแถว 1096 (รามอินทรา กม.2) รามอินทรา กม.2 - พหลโยธิน 48 - สะพานใหม่,สองแถว 1096 (รามอินทรา กม.2),รามอินทรา กม.2,สะพานใหม่,,สองแถว,bus,3
18382718,156 (2-49) วงกลม : อุ่เลียบทางด่วนรามอินทรา - นวมินทร์ - ตลาดสุคนธสวัสดิ์ (วนขวา),156 (2-49),อุ่เลียบทางด่วนรามอินทรา,อุ่เลียบทางด่วนรามอินทรา,BMTA,BMTA,bus,81
18382719,156 (2-49) วงกลม : อุ่เลียบทางด่วนรามอินทรา - ตลาดสุคนธสวัสดิ์ - นวมินทร์ (วนซ้าย),156 (2-49),อุ่เลียบทางด่วนรามอินทรา,อุ่เลียบทางด่วนรามอินทรา,BMTA,BMTA,bus,78
18439188,1060 Songthaew: ตลาด กม.4 => วัดหนองใหญ่,1060,ตลาด กม.4,วัดหนองใหญ่,,,bus,33
18456141,13 ปอ. (3-38) คลองเตย - ห้วยขวาง,13 AC (3-38),,,BMTA,BMTA,bus,11
18456142,13 ปอ. (3-38) ห้วยขวาง - คลองเตย,13 AC (3-38),,,BMTA,BMTA,bus,8
18486350,Songthaew 1009 Wat Nong Yai > Phoemsin > Saphan Mai,1009,,,,,bus,39
18491738,Songthaew 1009 Saphan Mai > Phoemsin > Wat Nong Yai,1009,,,,,bus,42
18529639,1009 Songthaew: Or Ngern Market Songthaew Terminal => Wat Koh => Saphan Mai,1009 Songthaew,,,,,bus,20
18529865,1009 Songthaew:Saphan Mai => Wat Koh => Or Ngern Market Songthaew Terminal,1009 Songthaew,,,,,bus,12
18614249,Songthaew 1141 Bagna Intersection Market => Wat Bagna Nok,1141,,,,,bus,4
18614359,Songthaew 1141 Wat Bagna Nok => Bagna Intersection Market,1141,,,,,bus,4
18616371,Songthaew 1141 Bagna Intersection Market => BTS Bagna Station => Bagna Intersection Market,1141,,,,,bus,3
18669597,20 (4-4) ท่าดินแดง - ป้อมพระจุลจอมเกล้า,20 (4-4),ท่าดินแดง,ป้อมพระจุลจอมเกล้า,BMTA,BMTA,bus,40
18669598,20 (4-4) ป้อมพระจุลจอมเกล้า - ท่าดินแดง,20 (4-4),ป้อมพระจุลจอมเกล้า,ท่าดินแดง,BMTA,BMTA,bus,43
18725189,96ก (1-43) มีนบุรี - คันนายาว - แฮปปี้แลนด์,96ก (1-43),,,BMTA,BMTA,bus,15
18725190,96ก (1-43) แฮปปี้แลนด์ - คันนายาว - มีนบุรี,96ก (1-43),,,BMTA,BMTA,bus,17
18726474,556 (4-64) แยกนครชัยศรี - อนุสาวรีย์ประชาธิปไตย,556 (4-64),,,BMTA,BMTA,bus,15
18726475,556 (4-64) อนุสาวรีย์ประชาธิปไตย - แยกนครชัยศรี,556 (4-64),,,BMTA,BMTA,bus,13
18791074,2-36 วัดคลองเสมียนตรา - ศูนย์ราชการฯ แจ้งวัฒนะ,2-36 Extra,,,BMTA,BMTA,bus,43
18791075,2-36 ศูนย์ราชการฯ แจ้งวัฒนะ - วัดคลองเสมียนตรา,2-36 Extra,,,BMTA,BMTA,bus,36
19149084,รถโดยสารประจำทางด่วนพิเศษ 402 : ราชพฤกษ์ → สาทร,402,ราชพฤกษ์,สาทร,BTS Group Holdings,BRT,bus,14
19553941,3-31 เมกาบางนา - สีลม,3-31 Extra,,,BMTA,BMTA,bus,28
19553942,3-31 สีลม - เมกาบางนา,3-31 Extra,,,BMTA,BMTA,bus,13
